No;Nama;Rating;Review;Link
1;ROBOT Portable Mini Wired Keyboard RK10 Ultra-Thin Garansi Resmi 1 Tahun;5;harga sangat terjangkau, kualitas super bagus. tombol berfungsi dengan mantapp.. pengiriman cepatt. pertahankan????;https://shopee.co.id/ROBOT-Portable-Mini-Wired-Keyboard-RK10-Ultra-Thin-Garansi-Resmi-1-Tahun-i.262387176.13013963834?sp_atk=f69ef8d8-9da3-4d6b-9180-1d462481bdb7&xptdk=f69ef8d8-9da3-4d6b-9180-1d462481bdb7
2;ROBOT Portable Mini Wired Keyboard RK10 Ultra-Thin Garansi Resmi 1 Tahun;5;Seller responsif. Pengemasan aman????????????. Pengiriman cukup cepat. Produk ori. Kualitas produk baik????????????. Terima kasih. Semoga usahanya semakin lancar dan berkah. Aamiin??????;
3;ROBOT Portable Mini Wired Keyboard RK10 Ultra-Thin Garansi Resmi 1 Tahun;5;keyboard nya bagus, ukuran nya jg sedengan gk terlalu kecil atau besar. alhamdulillah berfungsi baik;
4;ROBOT Portable Mini Wired Keyboard RK10 Ultra-Thin Garansi Resmi 1 Tahun;5;pas banget ga panjang juga dan enak pastinya dbwa kmna mna tpi aga berat juga tpi bagus banget??;
5;ROBOT Portable Mini Wired Keyboard RK10 Ultra-Thin Garansi Resmi 1 Tahun;4;kecepetan pengirimannya oke, pengemasannya oke karena dilapisi bubble wrap yang tebal jadi produknya terjamin aman. keyboardnya dapat berfungsi dengan baik, harganya terbilang sesuai, terima kasih ????????????;
6;ROBOT Portable Mini Wired Keyboard RK10 Ultra-Thin Garansi Resmi 1 Tahun;4;Barangnya safety bgt, pengemasan baik, pengiriman jg cpt bgt. Udah dicoba dan alhamdulillah berfungsi dgn baik, semoga awet. Makasiii seller?;
7;ROBOT Portable Mini Wired Keyboard RK10 Ultra-Thin Garansi Resmi 1 Tahun;4;pengirimanya cpt tidak ada lecet. berfungsi semoga awet;
8;ROBOT Portable Mini Wired Keyboard RK10 Ultra-Thin Garansi Resmi 1 Tahun;4;Mantap, walaupun tombol nya sedikit goyang tapi masih nyaman dipakai;
9;ROBOT Portable Mini Wired Keyboard RK10 Ultra-Thin Garansi Resmi 1 Tahun;3;Berfungsi dengan baik gak tau sih soal nya baru hari pertama dari barang sampai gak tau bertahan berapa lama yaa;
10;ROBOT Portable Mini Wired Keyboard RK10 Ultra-Thin Garansi Resmi 1 Tahun;3;Memory oke, packing aman Overall oke semuanya, cuma keyboardnya saja yg tidak sesuai deskripsi Yg dibilang silent, ternyata berisik banget walaupun baru disentuh, teedengar banget megang keyboard, kalau yg silent walaupun disentuh ga kedengeran sama sekali. Thank you;
11;ROBOT Portable Mini Wired Keyboard RK10 Ultra-Thin Garansi Resmi 1 Tahun;3;Pengemasan baik, pengiriman baik. Tapi agak kecewa karena ada beberapa tombol yang tidak berfungsi dg baik;
12;ROBOT Portable Mini Wired Keyboard RK10 Ultra-Thin Garansi Resmi 1 Tahun;3;Barang bekerja tetapi ada sedikit kerusakan di bagian kabel;
13;ROBOT Portable Mini Wired Keyboard RK10 Ultra-Thin Garansi Resmi 1 Tahun;2;Tombol T nya mendem ke dalem setiap di klik, kecewa baru beli datang kaya gini.;
14;ROBOT Portable Mini Wired Keyboard RK10 Ultra-Thin Garansi Resmi 1 Tahun;2;Banyak huruf yang tidak sesuai, dan eror ketika diklik;
15;ROBOT Portable Mini Wired Keyboard RK10 Ultra-Thin Garansi Resmi 1 Tahun;2;Cacat pada tombol;
16;ROBOT Portable Mini Wired Keyboard RK10 Ultra-Thin Garansi Resmi 1 Tahun;2;Isi hurufnya double double jadi pada ngaco pas ngetik.;
17;ROBOT Portable Mini Wired Keyboard RK10 Ultra-Thin Garansi Resmi 1 Tahun;1;"Sangat kecewa Peking barangnya tipis, barangnya rusak tidak berfungsi, sia"" belanja di toko ini";
18;ROBOT Portable Mini Wired Keyboard RK10 Ultra-Thin Garansi Resmi 1 Tahun;1;Produk tidak bisa dikembalikan, padahal ada kendala di keyboard nya tetapi tidak bisa dikembalikan, padahal belinya di Shopee mall. Kecewa beli di toko ini.;
19;ROBOT Portable Mini Wired Keyboard RK10 Ultra-Thin Garansi Resmi 1 Tahun;1;Harga murah dengan kualitas yang murahan. Baru 2 minggu dipakai sudah rusak.;
20;ROBOT Portable Mini Wired Keyboard RK10 Ultra-Thin Garansi Resmi 1 Tahun;1;Pencet tmbol MJKLIUOP yang keluar malah angka-angka, padahal keyboard baru beli.;
21;Bonkyo Paket Gaming Keyboard dan Mouse RGB / Set Gaming Mouse dan Keyboard USB Cable RGB;5;pengemasan sangat baik dan rapi. terbungkus bubble wrap yang tebal. kondisi barang juga baik dan sesuai dengan gambar. mouse dan keyboard berfungsi dengan baik.;https://shopee.co.id/Bonkyo-Paket-Gaming-Keyboard-dan-Mouse-RGB-Set-Gaming-Mouse-dan-Keyboard-USB-Cable-RGB-i.159093915.7031061504?sp_atk=e8c37778-7515-4775-b652-b21709687d1e&xptdk=e8c37778-7515-4775-b652-b21709687d1e
22;Bonkyo Paket Gaming Keyboard dan Mouse RGB / Set Gaming Mouse dan Keyboard USB Cable RGB;5;Barang sudah nyampe dengan selamat. Packing rapi, setelah dicoba tombol berfungsi semua dan nyala. Mantap banget..;
23;Bonkyo Paket Gaming Keyboard dan Mouse RGB / Set Gaming Mouse dan Keyboard USB Cable RGB;5;Packing cukup baik, respon juga cepat, kualitas barang utk harga segitu cukup baik.., semoga barangnya awet, sukses terus utk tokonya, terima kasih...!!;
24;Bonkyo Paket Gaming Keyboard dan Mouse RGB / Set Gaming Mouse dan Keyboard USB Cable RGB;5;Terimakasih seller, barang berfungsi dengan baik, pegemasan rapi. Mantap deh.;
25;Bonkyo Paket Gaming Keyboard dan Mouse RGB / Set Gaming Mouse dan Keyboard USB Cable RGB;4;Barang sudah sampai dengan selamat, bagus kok ada RGB nya sesuai dengan harga, suaranya pas ngetik klitik klitik estetika banget;
26;Bonkyo Paket Gaming Keyboard dan Mouse RGB / Set Gaming Mouse dan Keyboard USB Cable RGB;4;Barang sampai dengan selamat, gk ada yg rusak dn kurang. Keyboard dn mouse berfungsi dengan baik, lampunya juga menyala, semoga aja awet barangnya;
27;Bonkyo Paket Gaming Keyboard dan Mouse RGB / Set Gaming Mouse dan Keyboard USB Cable RGB;4;Mantap keyborad dan mousenya berfungsi dengan baik dan pengiriman standar ;
28;Bonkyo Paket Gaming Keyboard dan Mouse RGB / Set Gaming Mouse dan Keyboard USB Cable RGB;4;Paket sudah sampai seneng bangettt lampunya bikin nagih ngetik tugas jadi gak bosen uww wkwk. Mouse nya juga ganteng banget ;
29;Bonkyo Paket Gaming Keyboard dan Mouse RGB / Set Gaming Mouse dan Keyboard USB Cable RGB;3;Barang sudah sampai,, pengiriman lama menurut saya karena masih satu kota, keyboard berfungsi tapi buat ngetik typo2 n Ngadad/ngelag, mouse bagus.. semoga awet aja;
30;Bonkyo Paket Gaming Keyboard dan Mouse RGB / Set Gaming Mouse dan Keyboard USB Cable RGB;3;Kualitas produk baik. Pengiriman cepat. Pengemasan rapi.;
31;Bonkyo Paket Gaming Keyboard dan Mouse RGB / Set Gaming Mouse dan Keyboard USB Cable RGB;3;Keyboardnya pecah belakangnya.udh ada bubble nya tp mgkn pas pengiriman ditindih dg barang lain. Di packingnya tdk ada tulisan fragile nya jg. Saran aja buat ke depannya. ;
32;Bonkyo Paket Gaming Keyboard dan Mouse RGB / Set Gaming Mouse dan Keyboard USB Cable RGB;3;Yah produk lumayan tapi penangananya kurang ??;
33;Bonkyo Paket Gaming Keyboard dan Mouse RGB / Set Gaming Mouse dan Keyboard USB Cable RGB;2;Barang sampai dengan cepat,tapi tidak sesuai dengan gambar,kualitas diluar perkiraan,mestinya harga lebih murah dengan barang seperti ini...;
34;Bonkyo Paket Gaming Keyboard dan Mouse RGB / Set Gaming Mouse dan Keyboard USB Cable RGB;2;Ad yang kurang pengalas moise dan keyboard lampunya g menyala...;
35;Bonkyo Paket Gaming Keyboard dan Mouse RGB / Set Gaming Mouse dan Keyboard USB Cable RGB;2;Barang sdh sampai dengan cepat dan dikemas dengan rap,i tpi sayang barangnya klu dipencet kurang sensitif kata ank saya pedot2;
36;Bonkyo Paket Gaming Keyboard dan Mouse RGB / Set Gaming Mouse dan Keyboard USB Cable RGB;2;Mousnya ok bagus berfungsi, kyboarnya juga berfungsi bagus tapi lampu kyboar nya gk nyala;
37;Bonkyo Paket Gaming Keyboard dan Mouse RGB / Set Gaming Mouse dan Keyboard USB Cable RGB;1;Sangat mengecewakan mouse berfungsi Tapi keyboardnya GK bisa digunakan sama sekali;
38;Bonkyo Paket Gaming Keyboard dan Mouse RGB / Set Gaming Mouse dan Keyboard USB Cable RGB;1;Keyboard nYa error, kualitas buruk, mau dibalikkin rugi di ongkir, semoga yg Lain mikir beli dtko & merk ini lgi!!!!;
39;Bonkyo Paket Gaming Keyboard dan Mouse RGB / Set Gaming Mouse dan Keyboard USB Cable RGB;1;Pengiriman cepat , tpi pesennya warna hitam malah datangnya warna putih , ribet komplennya;
40;Bonkyo Paket Gaming Keyboard dan Mouse RGB / Set Gaming Mouse dan Keyboard USB Cable RGB;1;aman barang nya tapi nggak bisa nyala tombol sudah di klik makasih telah di kirim;
41;keyboard gaming and mouse set mechanical rgb led combo kable SHIPADOO-D280/keyboard;5;Pengiriman, pesanan, dan pedagangnya.Amanah dan baik;https://shopee.co.id/keyboard-gaming-and-mouse-set-mechanical-rgb-led-combo-kable-SHIPADOO-D280-keyboard-mouse-set-gaming-mechanical-rgb-led-mouse-keyboard-gaming-set--i.69532627.1816477629?sp_atk=d4e2ac60-e1b2-4bf8-83a5-098ea7019f23&xptdk=d4e2ac60-e1b2-4bf8-83a5-098ea7019f23
42;keyboard gaming and mouse set mechanical rgb led combo kable SHIPADOO-D280/keyboard;5;Barang sesuai harga dan datang sesuai deskripsi. Moga awet pemakaian...;
43;keyboard gaming and mouse set mechanical rgb led combo kable SHIPADOO-D280/keyboard;5;Barang nya bagus;
44;keyboard gaming and mouse set mechanical rgb led combo kable SHIPADOO-D280/keyboard;5;Keyboardnya oke buat ngias meja. suara ketikannya juga pas, worth it harga udah dapet mouse juga;
45;keyboard gaming and mouse set mechanical rgb led combo kable SHIPADOO-D280/keyboard;4;Barang Sesuai harga , suka sih cuman sayang kabel nya pendek tpi sampai sini bagus;
46;keyboard gaming and mouse set mechanical rgb led combo kable SHIPADOO-D280/keyboard;4;Bagus cuman ada sobekan dikit di kotaknya dan kekurangannya yaitu kalau PC udh di shutdow tetap menyala LED pada mouse itu aja sih sama mecanical ya gak kedengaran sedikit saja;
47;keyboard gaming and mouse set mechanical rgb led combo kable SHIPADOO-D280/keyboard;4;Keren, sebanding dengan harganya, ga berharap lebih juga di harga yang segini;
48;keyboard gaming and mouse set mechanical rgb led combo kable SHIPADOO-D280/keyboard;4;Oke sejauh ini aman, mayan laah moga awet dipake game ekstrim;
49;keyboard gaming and mouse set mechanical rgb led combo kable SHIPADOO-D280/keyboard;3;Kecepatan kirimnya lumayan bagus, tapi saat sampai saya buka ada patah sedikit di belakang. Overall bagus sih..;
50;keyboard gaming and mouse set mechanical rgb led combo kable SHIPADOO-D280/keyboard;3;Buat harga segitu lumayan lah keren kok , tapi ada bagian yang pecah lain kali harus lebih teliti lagi yah kak , selebih nya ok kok;
51;keyboard gaming and mouse set mechanical rgb led combo kable SHIPADOO-D280/keyboard;3;Akhirnya saya bawa ke tmpt perbaiki LG, trus bagian dalam keyboard banyak yg retak, semoga toko lebih memperhatikan LG barang saat akan di kirim;
52;keyboard gaming and mouse set mechanical rgb led combo kable SHIPADOO-D280/keyboard;3;"Pengiriman ok, Tetapi ada tombol ""Ctrl"" yang lepas dan di pasang bisa tapi kalau di pencet tidak bisa balik lagi ......";
53;keyboard gaming and mouse set mechanical rgb led combo kable SHIPADOO-D280/keyboard;2;Barangnya oke. Pas sampai tapi baru 2 hari sudah rusak. Kita tanya gimana tidak di respon;
54;keyboard gaming and mouse set mechanical rgb led combo kable SHIPADOO-D280/keyboard;2;Mohon Maaf ni pertama kali aku blanja di Shopee penuh rasa kecewa krn beli barang tidak dpt digunakan terutama keyboard ngga bisa berfungsi sama skli cuma lampu ja yg nyala klo ngetik huruf ngga bisa sama sekali. Cuma mau saran sblm dikirim tolong dicek dulu berfungsi pa ngga biar konsumen tdk kecewa.Biar saya saja yg dikecewakan jgn konsumen yg lain;
55;keyboard gaming and mouse set mechanical rgb led combo kable SHIPADOO-D280/keyboard;2;"Bahan lumayan bagus, ringan, tombolnya responsif dan nyaman di tekan. tetapi tombol ""W"" terlalu responsif dikasih sedikit tenaga saja langsung terpencet, lampu RGB jelek, sangat tidak sesuai dengan gambar, overall 3/10 yaahhh untuk harga 50k lumayan lah ga bisa berharap lebih";
56;keyboard gaming and mouse set mechanical rgb led combo kable SHIPADOO-D280/keyboard;2;Sangat kecewa;
57;keyboard gaming and mouse set mechanical rgb led combo kable SHIPADOO-D280/keyboard;1;Pengiriman sih cepat .. tapi barang nya rusak/cacat ..;
58;keyboard gaming and mouse set mechanical rgb led combo kable SHIPADOO-D280/keyboard;1;Barang sesuai dengan dipesan, namun barangnya beda warna tidak sesuai dengan pesanan yg jelas sudah tertera saya pesan warna putih dengan harga yg lebih mahal dari pada warna hitam putih tapi malah yang sampai hitam putih, dan saat dicek barang bagian samping keyboard ada yg hancur. ;
59;keyboard gaming and mouse set mechanical rgb led combo kable SHIPADOO-D280/keyboard;1;Baru berapa hari , kadang hidup kadanb tdk. Dan mousenya lari , hrs copot dlu baru bener. Hadeh;
60;keyboard gaming and mouse set mechanical rgb led combo kable SHIPADOO-D280/keyboard;1;Pesen warna hitam di kirim warna putihhh;
61;Keyboard Votre Basic Usb Kb2308 Hitam / key board PC laptop komputer;5;Rekomen banget nih keyboard semoga awet tahan lama, sumpah harga 30han udah dapet sebagus ini subhanallah dan toko amanah banget terimakasih min??;https://shopee.co.id/Keyboard-Votre-Basic-Usb-Kb2308-Hitam-key-board-PC-laptop-komputer-i.3260082.24063029?sp_atk=6ab41f20-695f-4d19-80b2-c3d4b769ae68&xptdk=6ab41f20-695f-4d19-80b2-c3d4b769ae68
62;Keyboard Votre Basic Usb Kb2308 Hitam / key board PC laptop komputer;5;Alhamdulillah barang datang dengan aman dan cepat, seller sat set fast respon. Untuk fungsi alhamdulilah berfungsi dengan baik, harga murah tapi nyaman dan mantap, terima kasih banyak seller. Semoga awet ini keyboard hehe.;
63;Keyboard Votre Basic Usb Kb2308 Hitam / key board PC laptop komputer;5;Pengiriman cepat, barang aman dan berfungsi, tidak ada kendala. Not bad lah;
64;Keyboard Votre Basic Usb Kb2308 Hitam / key board PC laptop komputer;5;Barang datang dengan baik, walaupun terdapat sedikit cairan agak berminyak yang terdapat pada bagian keyboard namun keyboard dapat berfungsi dengan semestinya. Hal ini menunjukkan bahwa keyboard tersebut waterproof. Keyboard bagus, desain ergonomi, nyaman, anti air (drop), dan harga bersahabat. Nice lah;
65;Keyboard Votre Basic Usb Kb2308 Hitam / key board PC laptop komputer;4;Keyboard nya baguss cuma tu klo di buat ngetik ada tombol yg gamau muncul di layar monitor aku bingung,waktu penggabungan kata ga bisa di pencet,tpi klo pencet satu² bisa,cuma ttp suka soalnya nyaman waktu di pencet tombolnya;
66;Keyboard Votre Basic Usb Kb2308 Hitam / key board PC laptop komputer;4;Pelayanan tokonya oke, cuma merknya yg ga oke.;
67;Keyboard Votre Basic Usb Kb2308 Hitam / key board PC laptop komputer;4;respon penjual cepat tp giliran ada komplain langsung ga dibalas. saya kasih bintang 4 karna keyboardnya lumayan oke walopun tombol shift sama angkanya ada yg ga berfungsi bagi saya msh bisa dipake.;
68;Keyboard Votre Basic Usb Kb2308 Hitam / key board PC laptop komputer;4;Barang sudah sampai diterima dalam keadaan baik-baik saja serta mendarat dengan seeelaamaattt...??Barang sudah sampai diterima dalam keadaan baik-baik saja serta mendarat dengan seeelaamaattt...??;
69;Keyboard Votre Basic Usb Kb2308 Hitam / key board PC laptop komputer;3;Barang sudah diterima, Cuma sayang keyboardnya ada yg pecah diatas tombol delete, untung masih berfungsi, cuma tombol delete agak main main;
70;Keyboard Votre Basic Usb Kb2308 Hitam / key board PC laptop komputer;3;Sbelum d kirim sudah bilang sama seller ny suruh cek kondisi giliran sampe tmbol ny gak sepenuhnya normal , stelah sya bongkar sndiri bisa normal kmbali hhh;
71;Keyboard Votre Basic Usb Kb2308 Hitam / key board PC laptop komputer;3;Pengiriman cepat, harga terjangkau, tapi tombol spacenya kok gak simetris ya? cuma bagian sisi kiri yang bisa ditekan, bagian kanan dan tengahnya gak aktif, semoga awetlah.;
72;Keyboard Votre Basic Usb Kb2308 Hitam / key board PC laptop komputer;3;Mohon maaf karena kasih bintang 3, tapi keyboard baru dipakai 2 hari sudah error padahal pemakaian sehari tidak sampai 1 jam;
73;Keyboard Votre Basic Usb Kb2308 Hitam / key board PC laptop komputer;2;Packing oke lah. Pengiriman cepet. Barang sampai di alamat tujuan tepat waktu. Tapi sayang barangnya ada yang gak bisa kepakai. Seharusnya di cek lagi dong sebelum di kirim. Agak kecewa sih.;
74;Keyboard Votre Basic Usb Kb2308 Hitam / key board PC laptop komputer;2;Barang sudah sampai, lumayan sudah di coba lancar jaya tapi tombol spasi y kurang bos. terima kasih;
75;Keyboard Votre Basic Usb Kb2308 Hitam / key board PC laptop komputer;2;Secara fisik bagus. Cuma tombol angka kok gak fungsi gimana? Cuma muncul simbol2 doang;
76;Keyboard Votre Basic Usb Kb2308 Hitam / key board PC laptop komputer;2;keyboard tdk bisa dipakai, banyak tombol yang ngejem.;
77;Keyboard Votre Basic Usb Kb2308 Hitam / key board PC laptop komputer;1;Kecewa sih liat barang sampai Di tangan kayak gini, mohon nextnya lebih diperhatikan lagi, biar pembeli senang dan puas terima brangnya,, ;
78;Keyboard Votre Basic Usb Kb2308 Hitam / key board PC laptop komputer;1;Maaf , tidak sesuai pesanan, saya pesennya keyboard 1 , mouse 1, micro-sd 1, tapi yang datang malah mousenya 2 micro-sd 1, sangat mengecewakan;
79;Keyboard Votre Basic Usb Kb2308 Hitam / key board PC laptop komputer;1;Barang sudah saya terima tp tombol F4nya trus brgerak sendiri, dan keyboardnya susah di pakai krna 1 tombol rusak;
80;Keyboard Votre Basic Usb Kb2308 Hitam / key board PC laptop komputer;1;Barang sudah sampai pengiriman sangat lama solo sragen 4 hari dan barang gk bisa di paki alias rusak.;
81;Keyboard Votre Basic Usb Kb2308 Hitam / key board PC laptop komputer;5;Barang udh sampai and that's all okey. Puas??;https://shopee.co.id/%E3%80%90COD%E3%80%91Jovitech-Pengukiran-Laser-Paket-Gaming-Keyboard-dan-Mouse-RGB-G12-Gaming-USB-Cable-RGB-mechanical-i.409837563.8047099423?sp_atk=c0b536ae-90bd-4c79-8153-75a586d3d68b&xptdk=c0b536ae-90bd-4c79-8153-75a586d3d68b
82;Keyboard Votre Basic Usb Kb2308 Hitam / key board PC laptop komputer;5;Barang bagus rekomen bat beli disini kualitas juga mantap gan;
83;Keyboard Votre Basic Usb Kb2308 Hitam / key board PC laptop komputer;5;Real fix;
84;Keyboard Votre Basic Usb Kb2308 Hitam / key board PC laptop komputer;5;Bagus, bagus, sesuai pesanan, sudah pesan beberapa kali disini dan tokoh sudah rekomended, langsung sampai langsung di pakai.;
85;Keyboard Votre Basic Usb Kb2308 Hitam / key board PC laptop komputer;4;Pengiriman cepat. Barang sangat bagus. Recommended. Adminnya oklah.;
86;Keyboard Votre Basic Usb Kb2308 Hitam / key board PC laptop komputer;4;Pesanan sudah sampai, tp kok lampu keyboardnya cuma putih aja ya, ga RGB?;
87;Keyboard Votre Basic Usb Kb2308 Hitam / key board PC laptop komputer;4;Pas ditanya katanya mekanik, tapi kayanya bukan deh, mungkin semi mekanik, soalnya rada keras gitu. Packing rapih, pengiriman cepat. Harga murah. Ga bisa ngasih bintang 5 tapi;
88;Keyboard Votre Basic Usb Kb2308 Hitam / key board PC laptop komputer;4;Barang sudah mendarat dengan baik...kemasan bagus...ok juga keybord ala gaming wkwkwkkkkk..;
89;Keyboard Votre Basic Usb Kb2308 Hitam / key board PC laptop komputer;3;Dari segi bentuk ovel all bagus, warna lampu terang, mouse + keyboard memang rekomendasi sii;
90;Keyboard Votre Basic Usb Kb2308 Hitam / key board PC laptop komputer;3;Tombol space macet di bawah, dan harus dinaikkan secara manual. Dan untuk mouse, tidak bisa scroll. Begitu barang datang, penjual tidak lagi merespon chat saya, kecuali bot. Semoga respon penjual dan kualitas pengemasan dapat ditingkatkan.;
91;Keyboard Votre Basic Usb Kb2308 Hitam / key board PC laptop komputer;3;Key f10 rusak saat sampai, tapi led, keyboard dan mouse berfungsi dengan baik;
92;Keyboard Votre Basic Usb Kb2308 Hitam / key board PC laptop komputer;3;Tidak sesuai pesanan,pesan warna putih yang datang hitam;
93;Keyboard Votre Basic Usb Kb2308 Hitam / key board PC laptop komputer;2;Selama ini aku ga pernah kasih penilaian seperti ini,.. tp ko ga berkenan aja,.. jadi ga jelas, sdh dikonfirmasi mau balikin krn brg tdk berfungsi dngn baik... kan mubajir kalo akirnya cm masuk kotak sampah...;
94;Keyboard Votre Basic Usb Kb2308 Hitam / key board PC laptop komputer;2;Ini kenapa yaa, pas lampunya nyala egk bisa ketik, pas kabelnya di colok ke banget baru bisa ngetik tapi lampunya matiii;
95;Keyboard Votre Basic Usb Kb2308 Hitam / key board PC laptop komputer;2;keyboard nya bagus, tapi sayang pas saya buka keycaps esc nya patah di dalam ?? gatau juga dari packagingnya atau saat perjalanannya, jadi maaf saya kasih bintang 2 ??;
96;Keyboard Votre Basic Usb Kb2308 Hitam / key board PC laptop komputer;2;Pas ditanya katanya mechanical, pas nyampe ternyata membrane. Harusnya seller lebih jujur dengan produk yang di jual. Memang harga murah tapi jangan buat clickbait. Jujur itu hebat;
97;Keyboard Votre Basic Usb Kb2308 Hitam / key board PC laptop komputer;1;Memang sih sesuai harga , tapi ga gini juga kali , usb nya rusak , belum juga di coba atau apa , lain kali di check dulu lah;
98;Keyboard Votre Basic Usb Kb2308 Hitam / key board PC laptop komputer;1;Memang sih sesuai harga , tapi ga gini juga kali , usb nya rusak , belum juga di coba atau apa , lain kali di check dulu lah;
99;Keyboard Votre Basic Usb Kb2308 Hitam / key board PC laptop komputer;1;Tidak sesuai harapan , lampu rgbnya gal hidup , pelayanan slow respon;
100;Keyboard Votre Basic Usb Kb2308 Hitam / key board PC laptop komputer;1;Cmn mousenya aja yg jadi.. keyboard yg gak jadi.. mohon kalau mau dikirim k pembeli di coba dulu.. TERIMAKASIH!!!;
101;AUXOM Paket Keyboard Gaming dan Mouse ;5;Produk nya sangat bagus dan berkualitas... Pengirimannya juga sangat cepat... Order kemarin, sekarang udah nyampe... Warna led nya juga bagus... ;https://shopee.co.id/AUXOM-Paket-Keyboard-Gaming-dan-Mouse-Set-Mouse-Dan-Keycaps-Mechanical-Keyboard-Laptop-USB-Cable-Keyboard-Komputer-i.147662308.6524502049?sp_atk=a77e85ff-61f8-45e5-9d2c-bde333b15f2e&xptdk=a77e85ff-61f8-45e5-9d2c-bde333b15f2e
102;AUXOM Paket Keyboard Gaming dan Mouse ;5;Yang punya lapak fast respon,barang cepat sampai, tidak ada kendala pada barang yang di pesan.;
103;AUXOM Paket Keyboard Gaming dan Mouse ;5;Barang sampai dengan selamat, barang realpict, kualitas bagus, pengiriman juga cepat, kurir ramah, seller fast respon, the best lah pokoknya ????;
104;AUXOM Paket Keyboard Gaming dan Mouse ;5; barang sampe sesuai perkiraan. semua berfungsi dengan baik. dibungkus rapih. keren sih buat harga segitu. thank u buat seller. dan semoga awet;
105;AUXOM Paket Keyboard Gaming dan Mouse ;4;Lumayan lah keyboard ny, cuma agak lama pengiriman doank ;
106;AUXOM Paket Keyboard Gaming dan Mouse ;4;Barang sesuai harga sangat ringan banget, tapi ketika dibuka ada tombol keyboard terlepas. Selanjutnya mohon diperhatikan ya kak. Thanks;
107;AUXOM Paket Keyboard Gaming dan Mouse ;4;Thank you seller, pas banget keyboarku lagi ngadat. semoga awet yaa ?;
108;AUXOM Paket Keyboard Gaming dan Mouse ;4;Ga nuntut banyak sih. Cuman krn polos jd lucu kalo dipakein stiker. Sayangnya setelah dipake 1 mgg kadang suka kyak lepas koneksi gtu tp sbntar. Trus pas lg meeting ntah knp malah jd ada feedback di suara. Pdhal biasanya nggk.;
109;AUXOM Paket Keyboard Gaming dan Mouse ;3;TIDAK SESUAI PESANAN, PESAN HITAM YANG DATANG WARNA PUTIH. TAPI GAPAPA... ASAL WORKING SEMUANYA;
110;AUXOM Paket Keyboard Gaming dan Mouse ;3;Beli warna hitam tapi warna putih yang dikirim.. ditanyain tapi pura2 gatau dan ga nyambung! Pengiriman lama.! ;
111;AUXOM Paket Keyboard Gaming dan Mouse ;3;Bagus si sayang gk bisa ganti ganti rgb nya jd kurang wah ;
112;AUXOM Paket Keyboard Gaming dan Mouse ;3;Sejauh ini aman tidak ada kerusakan, barang ok sudah dites ga tau kedepannya bisa tahan brp lama. Packing lama begitupun pengiriman. ;
113;AUXOM Paket Keyboard Gaming dan Mouse ;2;Ada 1 tombol rusak dan packingan nya ada yg berlobang ,mungkin saat perjalanan ,terima kasi pengiriman nya oke cepat.;
114;AUXOM Paket Keyboard Gaming dan Mouse ;2;Kecewa packing kurang rapih pengirman agak lambat barang pecah mau gimana lagi yaa sudah lah;
115;AUXOM Paket Keyboard Gaming dan Mouse ;2;Tombol spasinya terbenam kalau di tekan. Gak mau kembali seperti semula. Harus di naikin sendiri;
116;AUXOM Paket Keyboard Gaming dan Mouse ;2;Kualitas barang sangatlah ringkih mudah copot tombolnya,kurang rekomendasi mendingan tambh dikit beli logitech atau key plus mouse build up second;
117;AUXOM Paket Keyboard Gaming dan Mouse ;1;Barang sampai kemasan dalam keadaan peok...dibuka ternyata melengkung...belakang retak...penjual udah dichat low respon...kita harap bisa diajuakan pengembalian...tapi penjual tidak tanggap....kecewa.saya sudah bermusyawarah...tapi gak ada respon;
118;AUXOM Paket Keyboard Gaming dan Mouse ;1;Minta putih sesaui keterangan, malah di kasih hitam.. ga baik bro udah mah lama di chat nya.. Gimana sih luu.. yang amanah dong takut kena karma lu ;
119;AUXOM Paket Keyboard Gaming dan Mouse ;1;Barang tidak sesuai. Keyboard tidak bisa digunakan;
120;AUXOM Paket Keyboard Gaming dan Mouse ;1;Parahh bat dah dari pengiriman nya, tambah barang sampai dengan kondisi mouse yang tidak di inginkan + admin slow respon, kecewa dengan toko ini , semoga tidak berdampak pada customer lain !!!;
121;AUXOM Paket Keyboard Gaming dan Mouse ;5;Terbaiklahhh. Mulai dari respon, pengemasan, pengiriman. Kualitas bahan, respon keyboard, warna, lampu, tuts, kabel, mouse semuanya baik. Bakal repeat order nih kao produknyab sebagus ini the best banget !!;https://shopee.co.id/Tiamax-Keyboard-Gaming-Keyboard-Mechanical-G21B-Paket-Gaming-Keyboard-dan-Mouse-RGB-Waterproof-For-Pc-Laptop-Hp-i.475377714.11614210736?sp_atk=856869a8-3ee0-4331-bc47-457d199435e3&xptdk=856869a8-3ee0-4331-bc47-457d199435e3
122;AUXOM Paket Keyboard Gaming dan Mouse ;5;Sesuai gmbr dan deskripsi pengiriman cepat packing baik, produknya sesuai deskripsi real banget, harga juga sangat murah. pelayanan nya baik dan amanah banget .. nice seller !!;
123;AUXOM Paket Keyboard Gaming dan Mouse ;5;Gilaaa sih ini mah jadi keren banget dah mejaaa saya good job gannn mantul udah kasih keyboard gaming terbaik dan memuaskan sekali pelayanan nya gercep banget aman sekali di pake nya enak dibuat ngetiknya;
124;AUXOM Paket Keyboard Gaming dan Mouse ;5;Barangnya bagus, RGB nya berfungsi dengan baik, produk original. sudah pesan beberapa kali disini dan tokoh sudah rekomended. langsung sampai langsung di pakai.;
125;AUXOM Paket Keyboard Gaming dan Mouse ;4;Kotak nya agak penyok, tapi isi nya aman aja;
126;AUXOM Paket Keyboard Gaming dan Mouse ;4;Memuaskan;
127;AUXOM Paket Keyboard Gaming dan Mouse ;4;Good;
128;AUXOM Paket Keyboard Gaming dan Mouse ;4;ada harga ada rupa. mau bagus beli yg mahal saran saya.;
129;AUXOM Paket Keyboard Gaming dan Mouse ;3;Sampe dengan selamat,tetapi mousenya tidak bisa dipakai untuk menggerakan kursor,Kook kanan-kiri scrol bisa;
130;AUXOM Paket Keyboard Gaming dan Mouse ;3;Keyboardny respon bagus dan lumayan enak dipakai. cumany kadang mini-hang/terputus kalau digoyang dikit tp tidak begitu menganggu. cumany kalo main game, hang pada saat kritis kan aduh!;
131;AUXOM Paket Keyboard Gaming dan Mouse ;3;Barang nya bagus cuma sayang ada yg pecah bagian bawah keyboard. Untungnya masing bisa di pakai. Terimakasih dan tolong lebih berhati hati.;
132;AUXOM Paket Keyboard Gaming dan Mouse ;3;Kirain agak gede ternyata kecil;
133;AUXOM Paket Keyboard Gaming dan Mouse ;2;Pengiriman nya sih cepat,tapi produk nya rusak bisa di ajukan pengembalian gk ya?;
134;AUXOM Paket Keyboard Gaming dan Mouse ;2;Fisiknya bagus gk ada yang cacat, cuma keyboardnya eror, lampu kadang mati sendiri dan gk bisa d pencet apapun,;
135;AUXOM Paket Keyboard Gaming dan Mouse ;2;Mousenya buat scroll kgk bisa, keyboard nya msih ok, gk heran sih krna sesuai harga;
136;AUXOM Paket Keyboard Gaming dan Mouse ;2;PESAN WARNA HITAM MALAH DIKIRIM PUTIH (udh di ingetin di notes juga padahal);
137;AUXOM Paket Keyboard Gaming dan Mouse ;1;Produk patah beberapa tombol terlepas dan retak. Mousenya ok bagus.. Sudah mengajukan pengembalian malah di tolak oleh penjual katanya sudah mengirim barang dengan kondisi bagus. Kecewa pokoknya;
138;AUXOM Paket Keyboard Gaming dan Mouse ;1;barang datang dengan kondisi patah, seller bulang akan dibantu komplain ke pihak pengiriman tapi sampai sekarang tidak ada jawaban;
139;AUXOM Paket Keyboard Gaming dan Mouse ;1;Keyboard tidak menyala... Sudah d cek ke 2 laptop...;
140;AUXOM Paket Keyboard Gaming dan Mouse ;1;Sangat sangat tidak bagus isi sudah terlepas pas mau hidupin lampu tidak nyala tidak bisa dipakai saya mau diganti keyboard nya;
141;KEYBOARD GAMING PAKET KOMPLIT + MOUSE + USB HUB + MOUSEPAD + OTG Micro TERMURAH;5;Barang Bagus ORI sesuai dengan pesanan pengiriman cepat kualitas sangat baik berfungsi dengan baik keren rekomendasi banget engga akan nyesel;https://shopee.co.id/KEYBOARD-GAMING-PAKET-KOMPLIT-MOUSE-USB-HUB-MOUSEPAD-OTG-Micro-TERMURAH-i.48511914.5807010066?sp_atk=dae0d629-e836-4eb7-aab2-95594fd96601&xptdk=dae0d629-e836-4eb7-aab2-95594fd96601
142;KEYBOARD GAMING PAKET KOMPLIT + MOUSE + USB HUB + MOUSEPAD + OTG Micro TERMURAH;5;Barang Bagus ORI sesuai dengan pesanan pengiriman cepat kualitas barang sangat baik berfungsi dengan baik keren rekomendasi banget udah 2 kali pesen engga kecewa mantap deh;
143;KEYBOARD GAMING PAKET KOMPLIT + MOUSE + USB HUB + MOUSEPAD + OTG Micro TERMURAH;5;Barang mendarat dengan selamat, kondisi mulus. Sesuai dengan ekspektasi. Plug & play buat maen game dan office ok. Penjual jg ramah, chat fast respon. Rekomended pokoknya. Amanah terus ya.. biar laris terus;
144;KEYBOARD GAMING PAKET KOMPLIT + MOUSE + USB HUB + MOUSEPAD + OTG Micro TERMURAH;5;Barang telah diterima dalam kondisi baik, sesuai pesanan, dan produk lumayan bagus sesuai harga, dan kelengkapan komplit. Terima kasih buat seller.;
145;KEYBOARD GAMING PAKET KOMPLIT + MOUSE + USB HUB + MOUSEPAD + OTG Micro TERMURAH;4;Barang sampai dengan selamat, tidak ada masalah saat dihidupkan, barang sesuai dengan deskripsi produk, kualitas sesuai dengan harga yang diberikan. Terima Kasih;
146;KEYBOARD GAMING PAKET KOMPLIT + MOUSE + USB HUB + MOUSEPAD + OTG Micro TERMURAH;4;Makasih kak barang sampai cepat tapi paling nya agak jelek;
147;KEYBOARD GAMING PAKET KOMPLIT + MOUSE + USB HUB + MOUSEPAD + OTG Micro TERMURAH;4;Barang okey lah. Pengiriman cepat. Joss semoga awet;
148;KEYBOARD GAMING PAKET KOMPLIT + MOUSE + USB HUB + MOUSEPAD + OTG Micro TERMURAH;4;Barang bagus pengiriman cepat tapi keyboardnya rusak apakah bisa di tukar atau gimana ?;
149;KEYBOARD GAMING PAKET KOMPLIT + MOUSE + USB HUB + MOUSEPAD + OTG Micro TERMURAH;3;"agak sedikit kecewa sih, karena ada cacat di keyboardnya, patah"" sedikit. tapi tak apalah yang penting berfungsi";
150;KEYBOARD GAMING PAKET KOMPLIT + MOUSE + USB HUB + MOUSEPAD + OTG Micro TERMURAH;3;Sedikit kecewa dengan produknya karena lecet di keyboardnya, tp kualitas barang nya baik;
151;KEYBOARD GAMING PAKET KOMPLIT + MOUSE + USB HUB + MOUSEPAD + OTG Micro TERMURAH;3;Bagus tapi mosenya ini aga eror kadang bisa gerak kadang engga tapi gpp lah bisa bli lagi klo mose mah;
152;KEYBOARD GAMING PAKET KOMPLIT + MOUSE + USB HUB + MOUSEPAD + OTG Micro TERMURAH;3;Barang agak penyok,usb hubnya sering mati sendiri, dan otgnya sering lepas dan kdng ga berfungsi;
153;KEYBOARD GAMING PAKET KOMPLIT + MOUSE + USB HUB + MOUSEPAD + OTG Micro TERMURAH;2;Lampu LED keybord mati;
154;KEYBOARD GAMING PAKET KOMPLIT + MOUSE + USB HUB + MOUSEPAD + OTG Micro TERMURAH;2;Kualitas produk baik,kecepatan pengiriman kurang baik,..lamaaaa buangettt;
155;KEYBOARD GAMING PAKET KOMPLIT + MOUSE + USB HUB + MOUSEPAD + OTG Micro TERMURAH;2;Seusai lengkap mouse dan kiboard nya bagus dan berfungsi dengan baik, tapi hanya saja USB ports tidak berfungsi saya kecewa;
156;KEYBOARD GAMING PAKET KOMPLIT + MOUSE + USB HUB + MOUSEPAD + OTG Micro TERMURAH;2;Sedikit mengecewakan di karenakan lampu pada keyboard tidak hidup;
157;KEYBOARD GAMING PAKET KOMPLIT + MOUSE + USB HUB + MOUSEPAD + OTG Micro TERMURAH;1;keyboard nya okk ,cuman mouse nya nggak bisa di pakai ,mau return sudah males pembelinya , lain kali di cek lebih serius lagi thx;
158;KEYBOARD GAMING PAKET KOMPLIT + MOUSE + USB HUB + MOUSEPAD + OTG Micro TERMURAH;1;Paket komplit bikin rugi, harga ga sebading, mouse harga 12rban dan yg lain barang² lama, ga ada tanggung jawab atau respon dr saller, sorry baru kali ini ngasih bintang jelek;
159;KEYBOARD GAMING PAKET KOMPLIT + MOUSE + USB HUB + MOUSEPAD + OTG Micro TERMURAH;1;Produk nya kurang bagus bahan nya kasar kurang nyaman dipakai;
160;KEYBOARD GAMING PAKET KOMPLIT + MOUSE + USB HUB + MOUSEPAD + OTG Micro TERMURAH;1;Baru Pemakaian 1 Minggu udah hancur, tidak bisa nyala lagi;
161;KEYBOARD GAMING PAKET KOMPLIT + MOUSE + USB HUB + MOUSEPAD + OTG Micro TERMURAH;5;Kualitas produk baik. Produk nya bagus banget dan warna nya cantik. Pas dipake ngetik enak in dan nyaman jugaa. Respon penjual juga cepet. Semoga awett;https://shopee.co.id/Goojodoq-2.4g-Wireless-Keyboard-Mouse-Set-For-Notebook-Laptop-Desktop-PC-i.297771167.9442607847
162;KEYBOARD GAMING PAKET KOMPLIT + MOUSE + USB HUB + MOUSEPAD + OTG Micro TERMURAH;5;Keyboardnya memang bagus sekali. Sudah di coba dan dan berfungsi semua dengan baik. Pengemasan dan pengiriman juga sangat cepat. Terimakasih banyak;
163;KEYBOARD GAMING PAKET KOMPLIT + MOUSE + USB HUB + MOUSEPAD + OTG Micro TERMURAH;5;Barangnya sesuai & tidak ada cacat. Dipacking aman. Keyboard & mousenya enteng banget, suara ketikannya ga berisik. Worth it banget dengan harga segini buat kualitas yg oke??;
164;KEYBOARD GAMING PAKET KOMPLIT + MOUSE + USB HUB + MOUSEPAD + OTG Micro TERMURAH;5;Bungkusnyaa rapihh bgt, barang sampe dengan sslamat dan gak ada lecet. Lucuu bgtt barangnyaaa gemesss. Terima kasihh banyakk kakk;
165;KEYBOARD GAMING PAKET KOMPLIT + MOUSE + USB HUB + MOUSEPAD + OTG Micro TERMURAH;4;Bagus, fitur lengkap, berfungsi dengan baik. Hanya saja merk tidak sesuai foto dan deskripsi. Yg saya dapat dengan merk langtu, sedikit tdk sesuai ekspektasi.;
166;KEYBOARD GAMING PAKET KOMPLIT + MOUSE + USB HUB + MOUSEPAD + OTG Micro TERMURAH;4;Barangnya sampai dengan selamat, pas dipakai buat typing juga enak, suaranya pelan, mouse-nya juga nyaman. Tapi tiap 30 menit device not recognize sama laptop, jadi agak mengganggu pas mengerjakan tugas.;
167;KEYBOARD GAMING PAKET KOMPLIT + MOUSE + USB HUB + MOUSEPAD + OTG Micro TERMURAH;4;Packingan aman pake bubble wrap. Mouse nya terkadang suka tidak berfungsi. Usb cuma dapat 1 utk mouse dan keyboard. Jd kalau mau dipake terpisah di 2 device tidak bisa. Thank you seller.;
168;KEYBOARD GAMING PAKET KOMPLIT + MOUSE + USB HUB + MOUSEPAD + OTG Micro TERMURAH;4;Kayaknya admin kelupaan hadiah nya tapi gapapa, semoga awet. Pengirimannya juga cepat. Sayang ga ada warna hitam.;
169;KEYBOARD GAMING PAKET KOMPLIT + MOUSE + USB HUB + MOUSEPAD + OTG Micro TERMURAH;3;Keyboardnya bagus, lancar juga dipake, cuman mousenya sering trouble kaya ngandet² gitu looo, harus dipukul² dulu baru mau jalan. Ya gitu lah wkwk;
170;KEYBOARD GAMING PAKET KOMPLIT + MOUSE + USB HUB + MOUSEPAD + OTG Micro TERMURAH;3;Pengirimannya sih aman, cuman mouse nya kok Di pake besok nya ga bisa nyala ya, padahal keyboardnya bisa;
171;KEYBOARD GAMING PAKET KOMPLIT + MOUSE + USB HUB + MOUSEPAD + OTG Micro TERMURAH;3;Setelah dicoba untuk kerja seharian ternyata Tombol keyboard empuk dan responnya cepat tapi untuk mouse sering ngadat mati2. Padahal udah ganti batre. Sepertinya tidak ada garansi toko;
172;KEYBOARD GAMING PAKET KOMPLIT + MOUSE + USB HUB + MOUSEPAD + OTG Micro TERMURAH;3;mousenya kotor gitu, terus ga ada connector dari keyboard nya;
173;KEYBOARD GAMING PAKET KOMPLIT + MOUSE + USB HUB + MOUSEPAD + OTG Micro TERMURAH;2;Barang sampai hari ini dan langsung saya gunakan. Mouse berfungsi dengan baik. Hanya pada keyboard, tombol cntrl tidak ada, saya sadar pas mau kerja, padahal tmbl cntrl sebelah kiri sangat penting ??;
174;KEYBOARD GAMING PAKET KOMPLIT + MOUSE + USB HUB + MOUSEPAD + OTG Micro TERMURAH;2;bagus,nyaman juga dipake nya.;
175;KEYBOARD GAMING PAKET KOMPLIT + MOUSE + USB HUB + MOUSEPAD + OTG Micro TERMURAH;2;Yg dijual KATANYA Goojodog, yg dateng Langtu. Mana ga ada konfirmasi sm skli. Knp dari awal ga ditulis aja yg ditual tu langtu merknya. Aneh kali. Tanggung sndiri deh dosa bohongnya;
176;KEYBOARD GAMING PAKET KOMPLIT + MOUSE + USB HUB + MOUSEPAD + OTG Micro TERMURAH;2;Keyboardnya tdk ada usb receivernya, dicari2 ga ada;
177;KEYBOARD GAMING PAKET KOMPLIT + MOUSE + USB HUB + MOUSEPAD + OTG Micro TERMURAH;1;Ternyata merk-nya bukan Goojodoq, menyesal belinya. Tidak ada tombol power on off juga. Bahan plastiknya sangat terkesan murah . Malah build quality bagusan Votre.;
178;KEYBOARD GAMING PAKET KOMPLIT + MOUSE + USB HUB + MOUSEPAD + OTG Micro TERMURAH;1;Barangnya oke sih, tapi baru dipakai sebentar, tidak tahu bakal awet atau gak karena cs nya bilang barang memang kualitasnya kurang. Tampangnya dan warnanya cute sih;
179;KEYBOARD GAMING PAKET KOMPLIT + MOUSE + USB HUB + MOUSEPAD + OTG Micro TERMURAH;1;Gimana sih ga ada usb nya keyboardnya Tokonya ga amanah banget;
180;KEYBOARD GAMING PAKET KOMPLIT + MOUSE + USB HUB + MOUSEPAD + OTG Micro TERMURAH;1;keyboardnya baru sehari dipakai uda ga terhubung ke laptop padahal uda beliin baterai baru trus katanya dapat usb receiver tpi kok ini ga ada ya;
181;AMEN Titan Elite Keyboard Gaming Mechanical Keyboard Pluggable Port Blue Switch Wired RGB Light LED Light PBT Keycaps Backlight;5;Bagus, barang sampai dengan selamat, semua fitur berjalan dengan baik, kualitasnya baik, sesuai dengan photo, semoga awet.;https://shopee.co.id/GAMEN-Titan-Elite-Keyboard-Gaming-Mechanical-Keyboard-Pluggable-Port-Blue-Switch-Wired-RGB-Light-LED-Light-PBT-Keycaps-Backlight-Original-PC-Laptop-Garansi-1-Tahun-i.345329976.17188141544?sp_atk=f6a69c2f-7f6e-42f5-ba35-da0b68990d53&xptdk=f6a69c2f-7f6e-42f5-ba35-da0b68990d53
182;AMEN Titan Elite Keyboard Gaming Mechanical Keyboard Pluggable Port Blue Switch Wired RGB Light LED Light PBT Keycaps Backlight;5;Pertama kali pakai mechanical Keyboard rasanya mantap diharga segini, kondisi barang bagus, suara clicky, puas banget, packing aman, pengiriman cepat. Terima kasih;
183;AMEN Titan Elite Keyboard Gaming Mechanical Keyboard Pluggable Port Blue Switch Wired RGB Light LED Light PBT Keycaps Backlight;5;Mantap barang yang dikirim sesuai,udah gitu isi pelengkapnya lagi seneng Ama barangnya;
184;AMEN Titan Elite Keyboard Gaming Mechanical Keyboard Pluggable Port Blue Switch Wired RGB Light LED Light PBT Keycaps Backlight;5;Enak ditangan lebih elegan terasa banget mekanikalnya pokonya sesuai harga ada harga ada kualitas.rgb juga kalo di tempat gelap sangat terang bisa di naik turun cahaya RGB nya.kabel type C.;
185;AMEN Titan Elite Keyboard Gaming Mechanical Keyboard Pluggable Port Blue Switch Wired RGB Light LED Light PBT Keycaps Backlight;4;Barang ok, cuma dari seller pengiriman H+2 ditambah dari ekspedisi yang lama banget, total 7 hari bdg-jkt. Rata-rata kl beli di official ya gini, jarang yang sat sit set! CS responsif banget, ok lah!;
186;AMEN Titan Elite Keyboard Gaming Mechanical Keyboard Pluggable Port Blue Switch Wired RGB Light LED Light PBT Keycaps Backlight;4;Bagus banget & harganya murah, tapi kualitasnya ga murahan, pengiriman juga cukup cepet ??;
187;AMEN Titan Elite Keyboard Gaming Mechanical Keyboard Pluggable Port Blue Switch Wired RGB Light LED Light PBT Keycaps Backlight;4;Sempet bingung kenapa lama sama pengirimannya, mungkin emg ada problem sama jasa kirimnya kali gangerti. But all good.. considering barangnya aman & selamat :D nc1;
188;AMEN Titan Elite Keyboard Gaming Mechanical Keyboard Pluggable Port Blue Switch Wired RGB Light LED Light PBT Keycaps Backlight;4;Kualitas baik Sesuai dengan harga dan ada softwarenya untuk mengatur hanya saja pengiriman sangat lambat;
189;AMEN Titan Elite Keyboard Gaming Mechanical Keyboard Pluggable Port Blue Switch Wired RGB Light LED Light PBT Keycaps Backlight;3;"Keyboardnya setara sama keyboard 500rban edisi 3 taun lalu, untuk harga sesuai, untuk iklannya ""free"" tidak sesuai jadi itu mempengaruhi pemberian bintang";
190;AMEN Titan Elite Keyboard Gaming Mechanical Keyboard Pluggable Port Blue Switch Wired RGB Light LED Light PBT Keycaps Backlight;3;Maaf kak saya tarik perkataan saya kabel nya bener2 cepet rusak atau longgar gk tau kenapa udah gk bsa connect tapi jika di sambungin ke hp misal nya bisa aneh banget,mungkin dari produksi ya,tpi after all bagus bukan ,cuma kabel nya :(;
191;AMEN Titan Elite Keyboard Gaming Mechanical Keyboard Pluggable Port Blue Switch Wired RGB Light LED Light PBT Keycaps Backlight;3;Produk aman aja, cmn dipengiriman nya aja lama banget. Semoga kedepannya lebih baik lagi.;
192;AMEN Titan Elite Keyboard Gaming Mechanical Keyboard Pluggable Port Blue Switch Wired RGB Light LED Light PBT Keycaps Backlight;3;Barang bagus, pelayanan cepat tapi sayang sekali pengiriman lambat;
193;AMEN Titan Elite Keyboard Gaming Mechanical Keyboard Pluggable Port Blue Switch Wired RGB Light LED Light PBT Keycaps Backlight;2;Pesan hari senin sengaja diundur undur oleh seller dkirimnya 3 hari kemudian , namanya aja yg official pelayanannnya macam seller ecek2 g jls g professional, klo g niat julan tutup aja online nya mnding jualan offline saja;
194;AMEN Titan Elite Keyboard Gaming Mechanical Keyboard Pluggable Port Blue Switch Wired RGB Light LED Light PBT Keycaps Backlight;2;Case retak;
195;AMEN Titan Elite Keyboard Gaming Mechanical Keyboard Pluggable Port Blue Switch Wired RGB Light LED Light PBT Keycaps Backlight;2;Bagus Barangnya hanya saja Tombol 4 dan 5 pada Numpad nya tidak berfungsi, Adminnya baik membalas chat dengan ramah hanya saja solusi yg diberikan semuanya sudah dicoba dan hasilnya pun tidak berubah, Menambah kesulitan saat bekerja dgn Angka²,????;
196;DELL 8115 original Keyboard mechanical gaming usb kable-Hitam/Keyboard kable usb/ keyboard Dell mechanical Warna Hitam;2;Barang diteeima pecah belah;https://shopee.co.id/DELL-8115-original-Keyboard-mechanical-gaming-usb-kable-Hitam-Keyboard-kable-usb-keyboard-Dell-mechanical-Warna-Hitam-Support-All-Komputer-laptop-i.69532627.1812560596?sp_atk=c7454a9f-58ce-4819-b135-95fcc4be408f&xptdk=c7454a9f-58ce-4819-b135-95fcc4be408f
197;AMEN Titan Elite Keyboard Gaming Mechanical Keyboard Pluggable Port Blue Switch Wired RGB Light LED Light PBT Keycaps Backlight;1;Mohon di cek dulu sebelum pengiriman, barang spasi patah sangat kecewa, semoga di buat pembelajaran agar lebih teliti;
198;AMEN Titan Elite Keyboard Gaming Mechanical Keyboard Pluggable Port Blue Switch Wired RGB Light LED Light PBT Keycaps Backlight;1;Buat customer² yang terhormat kalau mau belanja ditoko sini pikir dua kali yah karna nnt jdi slah stu korban kayak sya sdh ditipu ditoko sini paket sya yg keyboard sya klaim garansinya yg dtg adalah headset kurang lebih pas dichat admin nya malah gak direspon terkait pengiriman barang yang diterima;
199;AMEN Titan Elite Keyboard Gaming Mechanical Keyboard Pluggable Port Blue Switch Wired RGB Light LED Light PBT Keycaps Backlight;1;pesanan yang datang tidak sesuai yang datang malah powerban. trus ktanya disuruh kirim balik agar di tukar dengan keyboardnya saya sudah kembalikan barangnya dari tgl 16 desember sampai sekarang keyboardnya tak kunjung dikirim kepada saya;
200;AMEN Titan Elite Keyboard Gaming Mechanical Keyboard Pluggable Port Blue Switch Wired RGB Light LED Light PBT Keycaps Backlight;1;Barang rusak, giliran mau direfund gaditerima. Ajukan garansi sampai sekarang belom jelas bagaimana kelanjutan nya. Sudah 1bulan;
